variant,strategy,fold,annual_return,annual_volatility,net_sharpe,sortino,calmar,max_drawdown,cumulative_return,worst_week,worst_month,cvar_95,positive_day_rate,annual_turnover,fees,slippage,funding,btc_beta,btc_correlation,observations
nested_expanding,time_series_slot_1,2022,-0.084941775010003,0.34398587309991563,-0.2469339052924724,-0.3848760884521149,-0.2243710256786414,-0.3785772906866418,-0.1338376389655449,-0.08611159715954375,-0.16163908294084828,-0.03942092124368733,0.4849315068493151,14.807325567734768,0.007403662783867384,0.007403662783867384,-0.01122329478194002,-0.301268439746613,-0.5593221139723403,365
nested_expanding,time_series_slot_1,2023,0.26078770396691653,0.38853822436353863,0.6712021819580578,1.0055982161446027,0.9185467709187721,-0.28391336426567026,0.2040211901996405,-0.13178818943660353,-0.10367641959719254,-0.0450326087111138,0.4575342465753425,30.86704769147481,0.015433523845737405,0.015433523845737405,-0.03093628652888144,0.0483541462219396,0.05497109436643229,365
nested_expanding,time_series_slot_1,2024,-0.18503231034363815,0.4740860202911986,-0.39029269462530336,-0.5381542818141225,-0.3177851238816235,-0.5822560479972737,-0.2580610919046461,-0.1475746668732535,-0.22625915525012152,-0.0603319645750954,0.49453551912568305,31.671272267724543,0.01587902143833861,0.015879021438338605,-0.054203833212895194,0.055276342389967585,0.06198546067159773,366
nested_expanding,time_series_slot_1,2025,-0.01362384829049744,0.13949970979589554,-0.09766219808220912,-0.13311505796861006,-0.08721261002101037,-0.15621420213447712,-0.023068907517487025,-0.04251160453908376,-0.06136276689894571,-0.01745717932699223,0.5178082191780822,8.102368111892948,0.004051184055946474,0.004051184055946474,-0.0011965246797707523,-0.17273321870322642,-0.51672142225748,365
nested_expanding,time_series_slot_1,2026_ytd,-0.1427309537399898,0.13465714884957816,-1.0599582343706881,-1.3527381219232122,-0.909419878904074,-0.15694725511387808,-0.10286830052404816,-0.06728761515851756,-0.0722376639984027,-0.017718386578565424,0.48659003831417624,10.073965663898928,0.003601787723667974,0.0036017877236679736,-0.0035429744376293745,-0.20582991815677804,-0.6995449929285354,261
nested_expanding,time_series_slot_2,2022,-0.07743304033472462,0.33789332268916206,-0.229164162577896,-0.3595234622427983,-0.21099089302431076,-0.3669970737827184,-0.12548025452011458,-0.07323627161592439,-0.16324837728032593,-0.03829057855752965,0.473972602739726,14.40232622214482,0.007201163111072412,0.007201163111072412,-0.01233618936743825,-0.31535509605924383,-0.5960314872495067,365
nested_expanding,time_series_slot_2,2023,0.26076216994594725,0.3885387177730565,0.6711356115048929,1.0055036133445368,0.9184568349587837,-0.2839133642656697,0.20399023745123324,-0.13178818943660353,-0.10367641959719254,-0.0450326087111138,0.4575342465753425,30.890251352848434,0.01544512567642422,0.015445125676424218,-0.030938616888477107,0.048353940416413325,0.054970790589678103,365
nested_expanding,time_series_slot_2,2024,-0.20173712179695213,0.4788332541067255,-0.4213097567195858,-0.5729585927554286,-0.3419335040584071,-0.5899893382851789,-0.2721142227803034,-0.14858319011641008,-0.24153571352717151,-0.06142482284535048,0.5,31.946336163884403,0.01601693018627629,0.01601693018627629,-0.054557213986195605,0.05827181107816912,0.0646966653473491,366
nested_expanding,time_series_slot_2,2025,-0.10398469698160681,0.3158963677830452,-0.3291734492275725,-0.44160667375778606,-0.30531577901555945,-0.3405808154327574,-0.14269639250241806,-0.07088210357111424,-0.13400584026746087,-0.04052581563425215,0.5095890410958904,39.3404590660801,0.019670229533040054,0.019670229533040054,-0.009112819553370052,-0.4322154063934642,-0.5709650386154577,365
nested_expanding,time_series_slot_2,2026_ytd,-0.1519364421366442,0.1353456041941495,-1.1225812839750273,-1.4338503932061113,-0.9430928148741065,-0.16110444246882127,-0.10881713097595802,-0.06925711402926749,-0.07416705094234577,-0.01790650739866943,0.48659003831417624,10.254753642175787,0.0036664256172710685,0.0036664256172710685,-0.0034757210664590416,-0.20834518441277955,-0.7044916946053482,261
nested_expanding,time_series_slot_3,2022,-0.07743304033472462,0.33789332268916206,-0.229164162577896,-0.3595234622427983,-0.21099089302431076,-0.3669970737827184,-0.12548025452011458,-0.07323627161592439,-0.16324837728032593,-0.03829057855752965,0.473972602739726,14.40232622214482,0.007201163111072412,0.007201163111072412,-0.01233618936743825,-0.31535509605924383,-0.5960314872495067,365
nested_expanding,time_series_slot_3,2023,0.2611916340305913,0.3886892118094738,0.6719806624286275,1.0070548304345917,0.9213532303552256,-0.28348696832580644,0.20443663980784432,-0.13172973116537934,-0.10531573041393727,-0.04506554401591598,0.4575342465753425,30.995568114823417,0.015497784057411706,0.015497784057411706,-0.03098896259871653,0.04685977612234995,0.05325153575699384,365
nested_expanding,time_series_slot_3,2024,-0.19481877311342935,0.47347715119656447,-0.4114639378501924,-0.568467710503652,-0.3337999381360778,-0.5836393325933122,-0.2650954768291276,-0.14770126730878497,-0.22441427952116688,-0.060178892541871226,0.4918032786885246,32.00756579771985,0.01604762887940475,0.01604762887940475,-0.053912767732876225,0.052471234798294346,0.05891555086448767,366
nested_expanding,time_series_slot_3,2025,-0.1039483857459472,0.31589423253968574,-0.32906072678262077,-0.44145632867563384,-0.3052091633930284,-0.3405808154327571,-0.14266466539143752,-0.07088210357111424,-0.13400584026746087,-0.04052581563425215,0.5095890410958904,39.30656837512876,0.01965328418756438,0.01965328418756438,-0.009110399008661793,-0.43221311172441323,-0.5709658666512774,365
nested_expanding,time_series_slot_3,2026_ytd,-0.1519364421366442,0.1353456041941495,-1.1225812839750273,-1.4338503932061113,-0.9430928148741065,-0.16110444246882127,-0.10881713097595802,-0.06925711402926749,-0.07416705094234577,-0.01790650739866943,0.48659003831417624,10.254753642175787,0.0036664256172710685,0.0036664256172710685,-0.0034757210664590416,-0.20834518441277955,-0.7044916946053482,261
nested_expanding,time_series_ensemble,2022,-0.045656166539359055,0.19410252060630578,-0.2352167627537539,-0.36829298211142564,-0.19968863017769845,-0.22863678567342893,-0.062359015455964895,-0.04424946860118317,-0.09521709589396232,-0.022044116769821244,0.4767123287671233,8.285523174134756,0.004142761587067378,0.004142761587067378,-0.006837271146060291,-0.1775192964267819,-0.5840679185859017,365
nested_expanding,time_series_ensemble,2023,0.13047161193872459,0.19429277290712754,0.6715206643382992,1.0061598407117798,0.8948551289958458,-0.14580193789036244,0.11813592796966965,-0.06752110911708387,-0.05258362299940067,-0.02252153622166626,0.4575342465753425,15.443097787203083,0.007721548893601541,0.007721548893601541,-0.015478330460518502,0.023928095560763984,0.0543983720016235,365
nested_expanding,time_series_ensemble,2024,-0.09687049537126396,0.23765009099025552,-0.4076181707636543,-0.5596302528030154,-0.2800772634310468,-0.3458706150744466,-0.11789533180532608,-0.07613094474644544,-0.12000395607694814,-0.030322240722168426,0.49453551912568305,15.876656867148881,0.007960077278597932,0.00796007727859793,-0.027112302488661172,0.027671025559858377,0.06190061369351628,366
nested_expanding,time_series_ensemble,2025,-0.04460156780417519,0.17364937516269052,-0.2568484209193865,-0.3445731636721899,-0.22624523367960095,-0.19713815437693627,-0.05792001159541604,-0.04019242620064922,-0.07527062573619303,-0.02204961261766446,0.5123287671232877,17.513758311845287,0.008756879155922642,0.008756879155922642,-0.004010781005677368,-0.24141125286505905,-0.5801471863804794,365
nested_expanding,time_series_ensemble,2026_ytd,-0.1980848838380586,0.18009008820323538,-1.099921077358326,-1.4049437401514795,-0.9490486364942206,-0.20871942303166136,-0.14209857507678214,-0.09074968087588497,-0.09727272679158205,-0.02376632137134549,0.48659003831417624,13.19510397155353,0.004717701556952701,0.004717701556952701,-0.004658350067437075,-0.27665083602526874,-0.7030379064779542,261
nested_expanding,breakout_slot_1,2022,0.007443354156997304,0.1924488868656636,0.03867704447775289,0.06218101940072764,0.037616074780227576,-0.1978769502263381,-0.010894643904455825,-0.039887595807931,-0.08825732512993634,-0.021326424850996343,0.4794520547945205,7.938612676165013,0.003969306338082506,0.003969306338082506,-0.007262330346888236,-0.1978172859434926,-0.6564441689585272,365
nested_expanding,breakout_slot_1,2023,0.07787307362018285,0.14601005245746193,0.5333404947777148,0.7685230433566722,0.6775640652169447,-0.11493093807336019,0.06955642738783774,-0.05620287479813535,-0.03641406838777428,-0.01766146106908653,0.4767123287671233,11.498001498908508,0.0057490007494542545,0.005749000749454254,-0.010454050957570144,0.006395745828541446,0.01934830183959209,365
nested_expanding,breakout_slot_1,2024,-0.049426983733742165,0.17620534230897983,-0.2805078613738674,-0.396122525641882,-0.20263222681632023,-0.24392459437632386,-0.06302932811270989,-0.05762755912088846,-0.0598199694415853,-0.021748939692814117,0.4918032786885246,11.346568020131592,0.005688827253928989,0.005688827253928989,-0.01814351495749946,0.01929969710448787,0.058228969689161185,366
nested_expanding,breakout_slot_1,2025,0.011298043280502075,0.13756692397279338,0.08212761435835034,0.11399692404575132,0.08072768607248741,-0.13995252224072519,0.001856136815415299,-0.04560120508636056,-0.06217047937498221,-0.01687431797755246,0.5205479452054794,7.664129016065202,0.003832064508032601,0.003832064508032601,-0.001169509615600188,-0.1945058946656983,-0.5900280334927673,365
nested_expanding,breakout_slot_1,2026_ytd,-0.09824752894835098,0.142884531054912,-0.6876008775967039,-0.8826675297491813,-0.6936743457958335,-0.14163350503561478,-0.07461929685714541,-0.07782381681311668,-0.07519060085375218,-0.01889935599641891,0.5134099616858238,8.683020118146997,0.0031044770559402273,0.0031044770559402273,-0.00377287997551433,-0.2335575962303157,-0.7480753575874336,261
nested_expanding,breakout_slot_2,2022,0.010827333206939321,0.1922655496214169,0.05631447354067866,0.09032010343116129,0.055326329828407614,-0.19569946606832334,-0.0075067263147931,-0.039835551687458226,-0.08826608080797882,-0.021310286632345816,0.4821917808219178,7.852030196101181,0.003926015098050591,0.003926015098050591,-0.007467393543911908,-0.20089346652423354,-0.6672879746245236,365
nested_expanding,breakout_slot_2,2023,0.07787316576277149,0.14601005077935186,0.533341131977635,0.7685239215662487,0.677564866938317,-0.11493093807335908,0.06955652618044872,-0.05620287479813535,-0.03641406838777428,-0.01766146106908653,0.4767123287671233,11.49814860635085,0.005749074303175424,0.005749074303175424,-0.010453811707539154,0.006395746571215466,0.019348304308689206,365
nested_expanding,breakout_slot_2,2024,-0.04961131917130959,0.17619400941354166,-0.281572110972671,-0.39762013960321163,-0.20331084332449295,-0.24401708418536128,-0.0632006507778764,-0.057625967562004665,-0.05974736045213558,-0.021749481015658666,0.49453551912568305,11.355811197163309,0.0056934615043311935,0.0056934615043311935,-0.018150872319510666,0.019321521160067804,0.058298564436156344,366
nested_expanding,breakout_slot_2,2025,0.011276013049078592,0.13756322356667036,0.08196967733613514,0.113785051166363,0.08055221812962296,-0.13998389257181554,0.001834577697626516,-0.04556719324953584,-0.06216236828346722,-0.016873456215423327,0.5205479452054794,7.6667972829624595,0.00383339864148123,0.00383339864148123,-0.001169880917271745,-0.19444153343894,-0.5898486618747512,365
nested_expanding,breakout_slot_2,2026_ytd,-0.10661277778622893,0.14286890579730774,-0.7462279996564373,-0.9589569385554833,-0.7326866236264686,-0.145509381976354,-0.08013844596795183,-0.07801926915033441,-0.07577070426283872,-0.01891893649832534,0.5172413793103449,8.952528635792659,0.0032008355807423066,0.0032008355807423066,-0.0037243258461182485,-0.2347486216753342,-0.751972395586029,261
nested_expanding,breakout_slot_3,2022,0.010827333206939321,0.1922655496214169,0.05631447354067866,0.09032010343116129,0.055326329828407614,-0.19569946606832334,-0.0075067263147931,-0.039835551687458226,-0.08826608080797882,-0.021310286632345816,0.4821917808219178,7.852030196101181,0.003926015098050591,0.003926015098050591,-0.007467393543911908,-0.20089346652423354,-0.6672879746245236,365
nested_expanding,breakout_slot_3,2023,0.07861124185703251,0.1459811076293615,0.538502845564252,0.7748339512075184,0.6884578510060455,-0.11418453830130293,0.07035056102094295,-0.056187210070780425,-0.036411976224581366,-0.017659914851596906,0.4821917808219178,11.501836167665504,0.005750918083832754,0.005750918083832754,-0.010459448520178306,0.006499540792039367,0.0196661992030645,365
nested_expanding,breakout_slot_3,2024,-0.04961148586651517,0.17619399068981367,-0.28157308698373995,-0.39762147561628325,-0.20331152645373432,-0.24401708418536117,-0.06320080435543562,-0.057625967562004665,-0.05974736045213558,-0.021749481015658666,0.49453551912568305,11.356005910128461,0.005693559127543858,0.005693559127543858,-0.01815084422499011,0.019321495885599574,0.05829849437109077,366
nested_expanding,breakout_slot_3,2025,0.011276013049078592,0.13756322356667036,0.08196967733613514,0.113785051166363,0.08055221812962296,-0.13998389257181554,0.001834577697626516,-0.04556719324953584,-0.06216236828346722,-0.016873456215423327,0.5205479452054794,7.6667972829624595,0.00383339864148123,0.00383339864148123,-0.001169880917271745,-0.19444153343894,-0.5898486618747512,365
nested_expanding,breakout_slot_3,2026_ytd,-0.10176969126386909,0.14292715033998138,-0.7120389024883594,-0.9149002498898183,-0.7099286704357634,-0.14335199506930962,-0.07695174883676192,-0.07791690847921262,-0.07541450478456646,-0.01890927039073289,0.5134099616858238,8.791129133695753,0.0031431297313624547,0.0031431297313624547,-0.0037519458008644724,-0.23411150676161208,-0.7496259134206138,261
nested_expanding,breakout_ensemble,2022,0.009699472134373083,0.1923069191176517,0.05043745788698861,0.08097800306289558,0.049380565975894686,-0.1964228627737462,-0.008633420107960532,-0.039852899812569564,-0.08826316086918895,-0.021315666038562657,0.4821917808219178,7.880759078707991,0.003940379539353995,0.003940379539353995,-0.007399039144904017,-0.19986806518924286,-0.6637391845579615,365
nested_expanding,breakout_ensemble,2023,0.10426127893937583,0.1946651446091732,0.5355929493628657,0.7715738787133077,0.6883842655526821,-0.1514579634612475,0.08912208333660532,-0.07441249915546477,-0.04843334561387991,-0.023547927551008874,0.4767123287671233,15.232370469285836,0.007616185234642919,0.007616185234642919,-0.013938696679426923,0.008574617865979545,0.0194563330765087,365
nested_expanding,breakout_ensemble,2024,-0.06606638445370283,0.2349303772471809,-0.2812168661534621,-0.39712207225451585,-0.2104747643960958,-0.31389218865864343,-0.0896119025665707,-0.07626952035806622,-0.07931969518896809,-0.028999067432947317,0.49453551912568305,15.136871722972352,0.007589171302202576,0.007589171302202578,-0.02419788066755566,0.025752342292655325,0.05827539746203644,366
nested_expanding,breakout_ensemble,2025,0.015044475279404,0.1834192677931017,0.08202232764539373,0.11385569007912004,0.08208641024450129,-0.18327607742369,-0.0017473394303048062,-0.06053305632344996,-0.08236247839801991,-0.022498324625955163,0.5205479452054794,10.2212104808845,0.00511060524044225,0.00511060524044225,-0.0015596762000638575,-0.2592839829082571,-0.5899084800328414,365
nested_expanding,breakout_ensemble,2026_ytd,-0.13627820827982767,0.19051609470967468,-0.7153107378539356,-0.9189086559243315,-0.7228735409158087,-0.1885228889511944,-0.1045528830369239,-0.10294441577451818,-0.09984948388128789,-0.02521225017132317,0.5134099616858238,11.743399341688294,0.004198667435863898,0.004198667435863898,-0.004999622943332022,-0.31218575410444244,-0.7499252496946603,261
nested_expanding,combined_50_50,2022,-0.017805618738521642,0.19155311095235586,-0.09295395230072954,-0.14802667501429675,-0.08383501561639735,-0.21238880445844432,-0.035395034730189234,-0.03267299055737982,-0.09170796871817233,-0.021130608782723014,0.4684931506849315,7.910412662450092,0.003955206331225047,0.003955206331225047,-0.007118155145482153,-0.18869312224799448,-0.6290944017008648,365
nested_expanding,combined_50_50,2023,0.11770384462542072,0.19310851100308088,0.6095217865542076,0.89159694258211,0.8082723037906098,-0.1456239983399369,0.10419891401897563,-0.07096517764207333,-0.05027023426067445,-0.02288918095201045,0.4712328767123288,15.000334941873895,0.007500167470936946,0.007500167470936946,-0.01470851356997271,0.016251461847879355,0.037172813441731,365
nested_expanding,combined_50_50,2024,-0.08114164549895952,0.2348789254916532,-0.34546158336305494,-0.4821341352622605,-0.24607060975658154,-0.32974943890790787,-0.10326754033943897,-0.07619227286296149,-0.09976448754952616,-0.029503725553282557,0.4808743169398907,15.179969881536639,0.007610779420058097,0.007610779420058097,-0.02565509157810841,0.026702665596973034,0.06043913632957091,366
nested_expanding,combined_50_50,2025,-0.01450810854035163,0.17436451064962616,-0.08320562760334128,-0.11312851772295368,-0.07858966323733997,-0.18460581128255116,-0.02925106855413584,-0.04513421990174349,-0.07863655320386342,-0.02156217531964524,0.5068493150684932,13.597046674330933,0.006798523337165465,0.006798523337165465,-0.002785228602870613,-0.2503446298060359,-0.5991479666008166,365
nested_expanding,combined_50_50,2026_ytd,-0.16676371459759418,0.1845814534592475,-0.9034695061300555,-1.1509258025794364,-0.8404214527028002,-0.19842867416256582,-0.1231723260396852,-0.09685025276932646,-0.09852749214020773,-0.02448591068117039,0.5287356321839081,12.051420195272001,0.004308795439679443,0.004308795439679443,-0.00482898650538455,-0.294408424173815,-0.7299594529747557,261
nested_rolling_730d,time_series_slot_1,2022,-0.08495339750559472,0.3439959848358019,-0.24696043340780605,-0.38490667767201703,-0.22439623455902794,-0.3785865554853931,-0.1338507489879769,-0.08613706121691755,-0.16163908294084828,-0.03942276537339139,0.4849315068493151,14.807892137527716,0.007403946068763859,0.007403946068763859,-0.011222633174941436,-0.301249029769444,-0.5592696380661367,365
nested_rolling_730d,time_series_slot_1,2023,0.2163700101505575,0.3309572047914161,0.653770357671843,0.9895758351128022,0.8641885307996053,-0.2503736192267646,0.1756903288444578,-0.11602412652352878,-0.090940274238555,-0.038327980832440205,0.4575342465753425,26.829345486383794,0.013414672743191896,0.013414672743191896,-0.026002443860862992,0.033026200949188796,0.044077930295277526,365
nested_rolling_730d,time_series_slot_1,2024,0.1342787153358407,0.1683121259193337,0.7977958486496448,1.0640225152136005,0.7894455680838739,-0.17009243038979782,0.12799114261123434,-0.038803929944653204,-0.06236512991146437,-0.02028190952537301,0.5191256830601093,23.788685094968308,0.011926929787340276,0.011926929787340276,-0.021852680851602968,-0.027010265202207045,-0.08531416154418908,366
nested_rolling_730d,time_series_slot_1,2025,-0.010449432461144725,0.15562181592904636,-0.06714632134808786,-0.09077430004363324,-0.06786916596545077,-0.15396435645701134,-0.02228728397452151,-0.04602740922177695,-0.06738115751738172,-0.01968905253228103,0.5041095890410959,20.999773218868043,0.010499759549810495,0.01049988660943402,-0.006678708416921246,-0.2118636017904858,-0.5681196068613611,365
nested_rolling_730d,time_series_slot_1,2026_ytd,0.08743055514765184,0.36635537461234374,0.2386495769037532,0.33510508414703566,0.44141732856969756,-0.1980677909291615,0.01503256316063939,-0.08487362442416924,-0.09552406499429245,-0.042385291477442424,0.5478927203065134,68.84221565788543,0.024586601378919173,0.024613449707819313,-0.016085527433403853,-0.4904324430078687,-0.6126510616220445,261
nested_rolling_730d,time_series_slot_2,2022,-0.06722639777941791,0.33524635893819554,-0.20052834575844403,-0.3181124233450094,-0.18540229591703372,-0.3625974395133773,-0.11571652664686305,-0.06440716039488714,-0.16122757157453016,-0.03742779380030228,0.4849315068493151,14.203830725047775,0.007101915362523886,0.007101915362523886,-0.012935103601335231,-0.3227016543522505,-0.6147323686904487,365
nested_rolling_730d,time_series_slot_2,2023,0.21642482826655451,0.33095613168777005,0.65393811307516,0.9898167021048909,0.864407476054971,-0.25037361922676293,0.1757551601865852,-0.11602412652352878,-0.090940274238555,-0.038327980832440205,0.4575342465753425,26.778041326636753,0.013389020663318376,0.013389020663318374,-0.025998929904613048,0.033026642786031825,0.04407866290800349,365
nested_rolling_730d,time_series_slot_2,2024,0.2245381157591783,0.28055919536883217,0.8003234948831145,1.0675419858674746,0.8282852098683172,-0.27108792126672876,0.20397058913947608,-0.06403030275695931,-0.10222348047483143,-0.03380318254042735,0.5191256830601093,39.03438193400659,0.01957066272307728,0.019570662723077278,-0.036293956208380655,-0.04490487019051466,-0.08508962742514507,366
nested_rolling_730d,time_series_slot_2,2025,-0.017415720767998882,0.2593696932150554,-0.06714632134587407,-0.09077430004064438,-0.07024665486918348,-0.24792242136556153,-0.04975269323356768,-0.07634918810010982,-0.11050503722631866,-0.03281508755379048,0.5041095890410959,34.9996220314197,0.01749959924967064,0.017499811015709847,-0.011131180694877169,-0.3531060029840617,-0.5681196068612785,365
nested_rolling_730d,time_series_slot_2,2026_ytd,0.012685806969918308,0.15910880083068035,0.07973039142830465,0.1045859044882931,0.137731835304425,-0.09210511819492717,5.477595720915218e-05,-0.047056945125396266,-0.04265839012180528,-0.018954885645642187,0.5478927203065134,26.201297347927603,0.009357740438850681,0.009367861106587813,-0.0060945605744223644,-0.22913325908832546,-0.6590684096240788,261
nested_rolling_730d,time_series_slot_3,2022,-0.07743304033472462,0.33789332268916206,-0.229164162577896,-0.3595234622427983,-0.21099089302431076,-0.3669970737827184,-0.12548025452011458,-0.07323627161592439,-0.16324837728032593,-0.03829057855752965,0.473972602739726,14.40232622214482,0.007201163111072412,0.007201163111072412,-0.01233618936743825,-0.31535509605924383,-0.5960314872495067,365
nested_rolling_730d,time_series_slot_3,2023,0.21687125916470787,0.33117651559463546,0.6548509599942806,0.9914107711294996,0.8675682010403123,-0.2499760352035203,0.17619425620266882,-0.11597210097233834,-0.09239671596043919,-0.03836679996421675,0.4575342465753425,26.936202341338593,0.0134681011706693,0.013468101170669298,-0.026059156606523158,0.03180037249900288,0.04241379074079612,365
nested_rolling_730d,time_series_slot_3,2024,0.22453865807449822,0.28055922464571686,0.8003253443476684,1.0675445642465247,0.828287210382828,-0.2710879212667284,0.20397123372742199,-0.06403030275695931,-0.10222348047483143,-0.03380318254042735,0.5191256830601093,39.03393435769646,0.019570438321803982,0.019570438321803982,-0.03629386120981198,-0.04490478796420682,-0.0850894627363863,366
nested_rolling_730d,time_series_slot_3,2025,-0.017415720767998882,0.2593696932150554,-0.06714632134587407,-0.09077430004064438,-0.07024665486918348,-0.24792242136556153,-0.04975269323356768,-0.07634918810010982,-0.11050503722631866,-0.03281508755379048,0.5041095890410959,34.9996220314197,0.01749959924967064,0.017499811015709847,-0.011131180694877169,-0.3531060029840617,-0.5681196068612785,365
nested_rolling_730d,time_series_slot_3,2026_ytd,0.03127489625144862,0.21175202152772923,0.147695856813122,0.196659215110184,0.26219456740994523,-0.11928125193589478,0.006419775380770654,-0.04901789052089933,-0.052950339060580665,-0.024946499502510457,0.5478927203065134,36.91804681830958,0.013185138488573379,0.013199466054217533,-0.008576520834436337,-0.2955454527289556,-0.6387534846283914,261
nested_rolling_730d,time_series_ensemble,2022,-0.043701205425365,0.1935012663448285,-0.22584454484906244,-0.3549776036054369,-0.19197283175950938,-0.2276426566448263,-0.060414352452975884,-0.042588399498465046,-0.09480155492279452,-0.02188684498395307,0.4821917808219178,8.234769894885662,0.004117384947442832,0.004117384947442832,-0.00695122402737427,-0.17891525926483204,-0.5904899765076379,365
nested_rolling_730d,time_series_ensemble,2023,0.12374663030777514,0.18915862675729325,0.654195013091064,0.9902770305436073,0.8486445504897765,-0.14581679719307394,0.1117322956913922,-0.06752006322860449,-0.05259391813652803,-0.0219087380768835,0.4575342465753425,15.340929070544782,0.007670464535272392,0.007670464535272392,-0.01486867245180938,0.01863871355226266,0.043523538448636705,365
nested_rolling_730d,time_series_ensemble,2024,0.17987918602649464,0.22446091950778416,0.801383093417545,1.0690199680085843,0.8110191536684171,-0.22179400475668387,0.1677601679334162,-0.05148082301378487,-0.08246353065609191,-0.02704254603283815,0.5191256830601093,31.02231530786095,0.015553653976270015,0.015553653976270013,-0.028991542801567093,-0.035886189074338194,-0.0849951779335764,366
nested_rolling_730d,time_series_ensemble,2025,-0.013932576614552473,0.2074957545720502,-0.0671463213466113,-0.09077430004163978,-0.06904020492083612,-0.20180381316260643,-0.03481569986995103,-0.06122506261176697,-0.08912143547929452,-0.02625207004303538,0.5041095890410959,27.999697625142964,0.013999679399740117,0.013999848812571485,-0.00890494455589949,-0.28248480238727086,-0.5681196068613056,365
nested_rolling_730d,time_series_ensemble,2026_ytd,0.03298024859633334,0.21048119930089648,0.15668975996847084,0.21100570478300137,0.2798967122766425,-0.11783006784208505,0.00785045937648321,-0.04895607007852687,-0.053547044844096336,-0.02472651697775288,0.5478927203065134,36.80092699685952,0.013143267365139497,0.013157591707096352,-0.008630811792862568,-0.2937538357350556,-0.6387145393801672,261
nested_rolling_730d,breakout_slot_1,2022,0.006842797522020147,0.19249718567102292,0.03554751981524793,0.05717931781766171,0.03451718585635107,-0.19824320413887653,-0.011497755542990151,-0.040000627848822634,-0.08824892953384167,-0.021329498777584784,0.4794520547945205,7.957207881379246,0.003978603940689622,0.003978603940689622,-0.0072271113031746725,-0.19721219962815645,-0.6542720259009456,365
nested_rolling_730d,breakout_slot_1,2023,0.17303231300419744,0.16821693321301912,1.0286260110632288,1.6383305748625272,1.5926972056044684,-0.10864106020612208,0.1722854621066825,-0.04828575702823357,-0.048086391192115885,-0.01879272421429283,0.4602739726027397,28.255851544558404,0.014127925772279202,0.014127925772279202,-0.008871805468326673,0.004667083608695094,0.012254914475933576,365
nested_rolling_730d,breakout_slot_1,2024,0.37836990744341387,0.44576561490732375,0.8488090933664283,1.166164181802095,0.9202516947770727,-0.41115915307830264,0.32273656833695097,-0.10855355292271396,-0.14212964303025666,-0.054288027432155,0.5218579234972678,56.78187377628382,0.02846872027687654,0.02846872027687654,-0.04563469613627639,-0.07774117944470241,-0.09271547852131053,366
nested_rolling_730d,breakout_slot_1,2025,0.03242705233477161,0.418840942588755,0.0774209229268462,0.1055382344409819,0.08751901937016844,-0.3705143472599812,-0.053829199216759216,-0.12162322080617294,-0.1667301750459942,-0.05229929776156792,0.5013698630136987,48.04107734760737,0.02402053867380369,0.02402053867380369,-0.01489377240974356,-0.6116529812543597,-0.6094104174512247,365
nested_rolling_730d,breakout_slot_1,2026_ytd,0.32597178711985264,0.43736403151647785,0.7453100018069765,1.0876524297600516,1.479448620860192,-0.22033329344707064,0.1801103645078701,-0.1417702648456025,-0.11664738365783944,-0.05028506283014179,0.5555555555555556,61.732318406472956,0.022071417950807456,0.022071417950807456,-0.010596891958994725,-0.6914662852404326,-0.7235432747408712,261
nested_rolling_730d,breakout_slot_2,2022,0.010459747949147058,0.192280639604769,0.054398341770897835,0.08728498934064775,0.053374908469938705,-0.19596751074595464,-0.007874407368681391,-0.03993632670308733,-0.08825899422661032,-0.021310514923599724,0.4821917808219178,7.865216543841318,0.0039326082719206585,0.0039326082719206585,-0.0074431212811134,-0.2004787310755678,-0.6658581289202095,365
nested_rolling_730d,breakout_slot_2,2023,0.32985895458733466,0.2809746988230134,1.173980988213866,1.878545443625887,1.8828805463323213,-0.17518846600750626,0.33735388845485126,-0.07941568186263759,-0.07934182086336672,-0.031079195891019862,0.4657534246575342,46.84078812898703,0.023420394064493515,0.023420394064493515,-0.014925985779811083,0.01251771940434441,0.019678519093946353,365
nested_rolling_730d,breakout_slot_2,2024,0.15377688726672764,0.41180406620057025,0.3734224595825875,0.5238763243596536,0.38234903574697865,-0.40218981320640823,0.0715720671960074,-0.10346607146377218,-0.11198390853630258,-0.04929522434633421,0.5218579234972678,52.58999128154415,0.0263670367247194,0.0263670367247194,-0.04110408668057253,-0.03966527335443892,-0.05120678446380858,366
nested_rolling_730d,breakout_slot_2,2025,0.05561591173728729,0.41865705792127283,0.13284360238289758,0.18387058919593732,0.1554372536459761,-0.35780297472289424,-0.031391980255679575,-0.12837158586981,-0.16997029223128712,-0.05170020659907597,0.5123287671232877,49.657783788235314,0.02482889189411766,0.02482889189411766,-0.01760495715004353,-0.6216636257849426,-0.6196564080924054,365
nested_rolling_730d,breakout_slot_2,2026_ytd,0.32463531018320774,0.4373790902036088,0.742228692350344,1.083073342430442,1.4733829150572393,-0.2203332934470711,0.1789784889774082,-0.14177026484560207,-0.11664738365783889,-0.05029437264671315,0.5555555555555556,61.94270353518763,0.022146637839293114,0.022146637839293114,-0.010600217189908655,-0.6913571958199579,-0.7234042174729205,261
nested_rolling_730d,breakout_slot_3,2022,0.010459747949147058,0.192280639604769,0.054398341770897835,0.08728498934064775,0.053374908469938705,-0.19596751074595464,-0.007874407368681391,-0.03993632670308733,-0.08825899422661032,-0.021310514923599724,0.4821917808219178,7.865216543841318,0.0039326082719206585,0.0039326082719206585,-0.0074431212811134,-0.2004787310755678,-0.6658581289202095,365
nested_rolling_730d,breakout_slot_3,2023,0.22897964154544723,0.22429389518804294,1.0208911007295847,1.624881990030806,1.6082842794918448,-0.14237510399454745,0.22628954565046544,-0.06419142760863217,-0.0634872802712726,-0.025085190461875642,0.4602739726027397,37.49962755155168,0.01874981377577584,0.01874981377577584,-0.01175374084121785,0.0060864757791555864,0.011986236971944786,365
nested_rolling_730d,breakout_slot_3,2024,0.15201034382480152,0.4117706915681256,0.3691626114668535,0.5181020281887697,0.3774875350374526,-0.4026897042036627,0.06969212302103167,-0.10283851258658916,-0.11221661469236843,-0.049297887522268664,0.5163934426229508,52.91637496422586,0.02653067566699543,0.026530675666995435,-0.04116291331559921,-0.038960997975514035,-0.05030166088121407,366
nested_rolling_730d,breakout_slot_3,2025,0.02853800213249008,0.4184198201520207,0.0682042311526295,0.09298051965976095,0.07711970626483154,-0.37004811759123757,-0.05734274479772239,-0.12161817920428664,-0.16676079990750314,-0.05223267149733312,0.5013698630136987,48.44508168572747,0.024222540842863734,0.024222540842863738,-0.014909448640880122,-0.6102326245805983,-0.6086071907438155,365
nested_rolling_730d,breakout_slot_3,2026_ytd,0.3259717830316739,0.4373640318691033,0.7453099918587557,1.0876524138467385,1.4794486023056732,-0.2203332934470703,0.18011036092663546,-0.14177026484560096,-0.11664738365783822,-0.05028506303895062,0.5555555555555556,61.73232202555931,0.022071419244754774,0.022071419244754774,-0.01059689229442396,-0.6914662855116299,-0.7235432744412912,261
nested_rolling_730d,breakout_ensemble,2022,0.009254206936867293,0.1923308869000734,0.04811607270170479,0.07728321059870419,0.04704172684272831,-0.19672336791135048,-0.009079368056708614,-0.03995776055267586,-0.08825563722316776,-0.021316842874928077,0.4821917808219178,7.895771192924723,0.003947885596462361,0.003947885596462361,-0.007371117955133827,-0.19938988107534056,-0.6620686737446129,365
nested_rolling_730d,breakout_ensemble,2023,0.24124192515671417,0.22436046565529144,1.0752425765034714,1.7146478736428232,1.69357697279397,-0.14244520859227705,0.24139563676715348,-0.06403401052579605,-0.06369171171829413,-0.025001827928714603,0.4602739726027397,37.49950015811426,0.01874975007905713,0.01874975007905713,-0.011840870048915795,0.0074450283558329545,0.014657315565671939,365
nested_rolling_730d,breakout_ensemble,2024,0.11440702831334475,0.20967615090096248,0.545636820505081,0.7645796637134422,0.5329573179376733,-0.21466452277276749,0.09713583858437391,-0.05361052241648434,-0.062389595570304546,-0.025292743841709025,0.5163934426229508,26.638976674758673,0.013355980086248869,0.013355980086248869,-0.021345251454944893,-0.02604927579692074,-0.06604718350879955,366
nested_rolling_730d,breakout_ensemble,2025,0.019496096734796464,0.20899990852911718,0.09328280032275867,0.12776964933206336,0.09969230599483066,-0.19556270205854598,-0.002302272985370224,-0.06258474884338261,-0.08651544419232271,-0.025968877030054124,0.5095890410958904,24.291388102889943,0.012145694051444974,0.012145694051444972,-0.007901363033444537,-0.30725786750184264,-0.613494708679231,365
nested_rolling_730d,breakout_ensemble,2026_ytd,0.16276342783650294,0.21868440002629844,0.7442845846202537,1.086127883527758,1.4359038671107247,-0.11335259383625018,0.10454294988795954,-0.07222252034746712,-0.05800474105397757,-0.02514408308596759,0.5555555555555556,30.900942880489414,0.011048145331243476,0.011048145331243476,-0.005299000240554556,-0.34571496473237834,-0.7234973442087776,261
nested_rolling_730d,combined_50_50,2022,-0.017065048763510518,0.1915009537550992,-0.08911208236244159,-0.1420241233497113,-0.0804704138909635,-0.2120661239127397,-0.034670917266853674,-0.03266465953122211,-0.09149568113944051,-0.021145502794101056,0.4712328767123288,7.9068200631668075,0.003953410031583404,0.0039534100315834035,-0.007161170991254047,-0.1891526566317118,-0.6307982261306746,365
nested_rolling_730d,combined_50_50,2023,0.18371749038048554,0.1963640925838783,0.935596156929808,1.4284443568578642,1.479110591291481,-0.12420808252077564,0.1788193758893888,-0.06576086501177525,-0.048066535267355714,-0.02269745465652763,0.473972602739726,25.197001966088575,0.012598500983044283,0.012598500983044285,-0.013354771250362584,0.013071743800507808,0.029403962957364107,365
nested_rolling_730d,combined_50_50,2024,0.1479790447652854,0.2153436460066284,0.6871762761959112,0.935656775716893,0.6906732135297051,-0.21425334277701935,0.13330656885568604,-0.05253532113938275,-0.07239794861898408,-0.026036270559933582,0.5191256830601093,27.994708395944073,0.014035703113582921,0.014035703113582921,-0.025168397128255995,-0.030944546308231975,-0.0763940864728478,366
nested_rolling_730d,combined_50_50,2025,0.003431608011679826,0.2074428828192048,0.016542423461549254,0.022487700658438678,0.017317015445319706,-0.19816394011517102,-0.017891287251964427,-0.061895066537187904,-0.08775550816756217,-0.02608363591051969,0.5068493150684932,25.495694912458642,0.012747762749813634,0.012747847456229318,-0.008403153794672012,-0.2948710082935315,-0.593181285708407,365
nested_rolling_730d,combined_50_50,2026_ytd,0.0985285635353738,0.2099914891732691,0.4692026516087777,0.6522301850804014,0.8982613166670865,-0.10968808486705706,0.0563317977760478,-0.05760047767825616,-0.04881795758316321,-0.024724940019430073,0.5440613026819924,33.19420961971886,0.011860904556071743,0.01186806672705017,-0.006964906016708563,-0.319736132942579,-0.6968296001197337,261
